INSERT INTO PUBLIC.CARD(ID, CREATEDAT, UPDATEDAT, ANSWER, QUESTION) VALUES
(1, TIMESTAMP '2020-01-05 17:05:51.288', TIMESTAMP '2020-01-05 17:05:51.288', '222', '111'),
(2, TIMESTAMP '2020-01-05 17:05:59.939', TIMESTAMP '2020-01-05 17:05:59.939', '313123', '13123'),
(3, TIMESTAMP '2020-01-05 17:06:09.631', TIMESTAMP '2020-01-05 17:06:09.631', '4414142', '124141'),
(4, TIMESTAMP '2020-01-05 17:06:15.179', TIMESTAMP '2020-01-05 17:06:15.179', '5555', '1555'),
(5, TIMESTAMP '2020-01-05 17:06:20.647', TIMESTAMP '2020-01-05 17:06:20.647', '513551', '1351'),
(6, TIMESTAMP '2020-01-05 17:06:25.243', TIMESTAMP '2020-01-05 17:06:25.243', '31355135', '135');

INSERT INTO roles("name") VALUES('ROLE_USER');
INSERT INTO roles("name") VALUES('ROLE_ADMIN');

-- 3 +/- SELECT COUNT(*) FROM PUBLIC.DECK;
INSERT INTO PUBLIC.DECK(ID, CREATEDAT, UPDATEDAT, AUTHOR, NAME) VALUES
(1, TIMESTAMP '2020-01-05 17:05:20.971', TIMESTAMP '2020-01-05 17:05:20.971', 'test', 'Test deck #1'),
(2, TIMESTAMP '2020-01-05 17:05:25.243', TIMESTAMP '2020-01-05 17:05:25.243', 'test', 'Test deck #2'),
(3, TIMESTAMP '2020-01-05 17:05:29.066', TIMESTAMP '2020-01-05 17:05:29.066', 'test', 'Test deck #3');


INSERT INTO PUBLIC.TOPIC(ID, CREATEDAT, UPDATEDAT, AUTHOR, DESCRIPTION, NAME, SHARED, TAGS, TITLE) VALUES
(1, TIMESTAMP '2020-01-05 17:05:09.356', TIMESTAMP '2020-01-05 17:05:09.356', 'test', 'This is test topic :)', 'test topic', NULL, 'test,topic', 'test topic title');

INSERT INTO PUBLIC.USER(ID, CREATEDAT, UPDATEDAT, EMAIL, PASSWORD, USERNAME, ACTIVE) VALUES
(1, TIMESTAMP '2020-01-05 17:04:30.245', TIMESTAMP '2020-01-05 17:04:30.245', 'test@test.com', '$2a$10$Sc0B3goljpMhTwmWj.FfmeFLCtGb3xoSX9N9aDN6UmL26FJVbJdHq', 'test', true),
(2, TIMESTAMP '2020-01-05 17:06:48.689', TIMESTAMP '2020-01-05 17:06:48.689', 'admin@test.com', '$2a$10$Lg4g7Y21m7Bz1NB2DKj/YO.NQ.FFhy9v6zmPYMVSJUrk0tgk8f/hi', 'admin_test', true);

INSERT INTO PUBLIC.CARD_DECKS(DECKS_ID, CARD_ID) VALUES
(3, 1),
(3, 2),
(2, 3),
(1, 4),
(1, 5),
(1, 6);


INSERT INTO PUBLIC.DECK_TOPICS(TOPICS_ID, DECK_ID) VALUES
(1, 1),
(1, 2),
(1, 3);

INSERT INTO PUBLIC.TOPIC_USERS(TOPIC_ID, USERS_ID) VALUES
(1, 1);

INSERT INTO PUBLIC.USERS_ROLES(USERID, ROLES) VALUES
(1, 'USER'),
(2, 'ADMIN');
